,City,Cloudiness,Country,Date,Humidity,Lat,Lng,Max Temp,Wind Speed
0,Cape Town,20,ZA,1584285001,60,-33.93,18.42,71.01,31.09
1,Juegang,70,CN,1584285010,78,32.32,121.19,47.41,16.26
2,Ushuaia,75,AR,1584285011,67,-54.8,-68.3,57.2,4.47
3,Isangel,100,VU,1584284836,82,-19.55,169.27,82.71,29.84
4,Mataura,63,NZ,1584284838,94,-46.19,168.86,53.01,1.99
5,Yumen,100,CN,1584285014,20,40.28,97.2,38.61,9.82
6,Taksimo,100,RU,1584285015,96,56.34,114.88,13.21,0.69
7,Gonder,99,ET,1584285017,27,12.6,37.47,75.69,12.28
8,Mayumba,48,GA,1584285018,81,-3.43,10.66,82.71,12.53
9,Punta Arenas,100,CL,1584285019,67,-53.15,-70.92,60.8,23.04
10,Albany,1,US,1584284834,31,42.6,-73.97,39.99,6.67
11,Manggar,28,ID,1584285021,74,-2.88,108.27,83.79,5.57
12,Salinópolis,100,BR,1584284915,89,-0.61,-47.36,78.21,16.71
13,Coquimbo,40,CL,1584285023,82,-29.95,-71.34,62.6,6.93
14,Flinders,75,AU,1584285024,82,-34.58,150.86,62.01,10.29
15,Busselton,8,AU,1584285025,67,-33.65,115.33,66.99,8.19
16,Port Elizabeth,75,ZA,1584284837,77,-33.92,25.57,68.0,11.41
17,Saint Paul Harbor,1,US,1584285028,79,57.79,-152.41,19.4,5.82
18,Marabá,90,BR,1584285005,94,-5.37,-49.12,78.8,3.36
19,Grand Gaube,75,MU,1584285030,78,-20.01,57.66,80.6,5.82
20,Hamilton,90,US,1584285031,69,39.18,-84.53,37.4,14.99
21,Yellowknife,75,CA,1584284833,92,62.46,-114.35,19.4,12.75
22,Hermanus,10,ZA,1584285033,82,-34.42,19.23,69.01,7.0
23,Yulara,0,AU,1584285034,18,-25.24,130.99,84.2,11.41
24,Baruun-Urt,67,MN,1584285035,70,46.68,113.28,28.71,15.79
25,Broome,1,US,1584285037,37,42.25,-75.83,39.99,12.75
26,Qaanaaq,100,GL,1584284837,63,77.48,-69.36,-14.31,1.63
27,Hasaki,20,JP,1584285039,93,35.73,140.83,37.4,5.82
28,Arraial do Cabo,20,BR,1584285040,58,-22.97,-42.03,87.8,17.22
29,Lebu,0,CL,1584285041,39,-37.62,-73.65,65.79,7.94
30,Goderich,0,CA,1584285042,59,43.75,-81.72,33.01,7.0
31,Kashirskoye,90,RU,1584285043,92,51.42,39.61,24.8,17.9
32,Carupano,98,VE,1584285044,59,10.67,-63.26,83.79,5.55
33,Esim,100,GH,1584285046,57,4.87,-2.24,90.81,8.55
34,Natal,75,BR,1584284898,70,-5.79,-35.21,86.0,10.29
35,Souillac,75,MU,1584285048,78,-20.52,57.52,80.6,5.82
36,Jumla,22,NP,1584285049,82,29.27,82.18,30.87,3.58
37,Butaritari,0,KI,1584285050,75,3.07,172.79,84.15,17.92
38,Hobart,90,AU,1584284847,54,-42.88,147.33,55.4,8.05
39,Lázaro Cárdenas,0,MX,1584284875,61,17.96,-102.2,82.17,2.64
40,Tiksi,99,RU,1584285053,87,71.69,128.87,-2.97,14.74
41,East London,75,ZA,1584285055,94,-33.02,27.91,68.0,14.99
42,Ponta do Sol,40,PT,1584285056,55,32.67,-17.1,66.2,16.11
43,San Patricio,5,MX,1584284836,78,19.22,-104.7,73.4,6.93
44,Tual,100,ID,1584285058,80,-5.67,132.75,79.65,16.11
45,Chernyshevskiy,100,RU,1584285059,94,63.01,112.47,29.97,8.61
46,Kidero,96,RU,1584285060,86,42.19,45.96,40.59,0.38
47,Cidreira,97,BR,1584285061,76,-30.18,-50.21,77.85,9.51
48,Khatanga,100,RU,1584285063,92,71.97,102.5,-5.85,12.12
49,Thompson,20,CA,1584285064,76,55.74,-97.86,-11.2,7.92
50,Salalah,40,OM,1584285065,57,17.02,54.09,78.8,11.41
51,Nome,100,US,1584285066,97,64.5,-165.41,26.55,6.53
52,Ginda,88,IN,1584284855,88,30.69,78.49,46.51,3.2
53,Nanortalik,100,GL,1584284874,68,60.14,-45.24,24.57,14.34
54,Kirensk,88,RU,1584285069,95,57.79,108.11,29.41,8.32
55,Severo-Kuril'sk,100,RU,1584285070,98,50.68,156.12,31.95,22.46
56,Rikitea,53,PF,1584285071,79,-23.12,-134.97,77.85,11.59
57,Ilulissat,20,GL,1584284848,52,69.22,-51.1,-7.6,1.12
58,La Ronge,90,CA,1584285074,77,55.1,-105.28,-2.2,4.7
59,Chabahar,98,IR,1584285075,66,25.29,60.64,71.91,2.51
60,Atuona,11,PF,1584284833,69,-9.8,-139.03,81.27,9.64
61,Karratha,14,AU,1584285077,76,-20.74,116.85,84.87,16.22
62,Hurghada,0,EG,1584285006,39,27.26,33.81,78.8,4.7
63,Jamestown,1,US,1584285079,51,42.1,-79.24,37.4,12.75
64,Katsuura,75,JP,1584285080,70,35.13,140.3,48.99,6.93
65,Kaeo,100,NZ,1584285081,93,-35.1,173.78,60.01,1.99
66,Saldanha,68,ZA,1584285053,47,-33.01,17.94,77.0,24.16
67,Bathsheba,75,BB,1584285084,65,13.22,-59.52,82.4,13.87
68,São João da Barra,20,BR,1584285085,58,-21.64,-41.05,86.0,10.29
69,Lavrentiya,100,RU,1584284856,98,65.58,-171.0,32.11,5.01
70,Bagdarin,100,RU,1584285087,96,54.43,113.6,20.25,0.76
71,Labuan,75,MY,1584285088,83,5.28,115.24,80.6,8.05
72,Puerto Ayora,40,EC,1584285089,83,-0.74,-90.35,81.0,9.17
73,Birin,3,NP,1584285090,77,26.89,88.07,49.77,3.74
74,São José do Campestre,100,BR,1584285091,66,-6.32,-35.71,84.51,9.64
75,Bluff,73,NZ,1584285092,94,-46.6,168.33,53.01,3.0
76,Bereket,98,TM,1584285093,49,39.24,55.52,57.15,14.07
77,Los Llanos de Aridane,75,ES,1584284863,60,28.66,-17.92,68.0,14.99
78,Aykhal,100,RU,1584285096,79,66.0,111.5,24.8,6.71
79,Guymon,90,US,1584285097,100,36.68,-101.48,37.4,10.29
80,Barrow,1,US,1584285098,75,71.29,-156.79,-13.0,8.05
81,New Norfolk,90,AU,1584284838,54,-42.78,147.06,55.4,8.05
82,Vaini,75,TO,1584285100,94,-21.2,-175.2,77.0,5.82
83,Vanavara,100,RU,1584285101,92,60.34,102.28,31.21,12.62
84,Lompoc,90,US,1584285102,87,34.64,-120.46,53.6,3.36
85,Tura,58,IN,1584284867,67,25.52,90.22,68.31,2.24
86,Ganzhou,55,CN,1584285105,64,28.82,115.43,54.81,0.96
87,Corner Brook,75,CA,1584285106,68,48.97,-57.95,32.0,20.8
88,Lüderitz,0,NA,1584284844,83,-26.65,15.16,65.07,30.8
89,Kaitangata,100,NZ,1584284861,86,-46.28,169.85,55.0,9.82
90,Diego de Almagro,0,CL,1584285109,19,-26.37,-70.05,78.39,7.67
91,Castro,1,BR,1584285110,57,-24.79,-50.01,80.91,6.38
92,Avarua,54,CK,1584285111,100,-21.21,-159.78,75.2,1.12
93,Etchoropo,100,MX,1584285112,87,26.77,-109.67,57.0,3.0
94,Port-Gentil,20,GA,1584284876,74,-0.72,8.78,87.8,10.29
95,Atlantic City,90,US,1584285099,61,39.36,-74.42,48.99,9.17
96,San Andrés,20,CO,1584285116,70,12.58,-81.7,84.2,13.87
97,La Paz,75,BO,1584285032,87,-16.5,-68.15,46.4,5.82
98,Te Anau,67,NZ,1584285118,79,-45.42,167.72,51.01,9.86
99,Clyde River,20,CA,1584285119,74,70.47,-68.59,-23.8,3.36
100,Sacoşu Turcesc,20,RO,1584285120,66,45.65,21.43,57.99,18.34
101,Neiafu,75,TO,1584285121,88,-18.65,-173.98,80.6,6.93
102,Nikolskoye,29,RU,1584285122,38,59.7,30.79,39.99,6.71
103,La Orilla,0,MX,1584285123,61,17.98,-102.23,82.17,2.64
104,Hong Kong,20,HK,1584284886,72,22.29,114.16,69.01,13.87
105,Phuthaditjhaba,0,ZA,1584285125,32,-28.52,28.82,76.77,7.76
106,Hithadhoo,68,MV,1584285127,55,-0.6,73.08,84.31,2.3
107,Bredasdorp,100,ZA,1584285128,60,-34.53,20.04,68.0,16.11
108,Carnarvon,0,AU,1584285129,78,-24.87,113.63,78.8,10.29
109,Esperance,23,AU,1584285130,82,-33.87,121.9,68.0,1.12
110,Cabo San Lucas,75,MX,1584285131,88,22.89,-109.91,68.0,2.24
111,Fostoria,90,US,1584285132,74,41.16,-83.42,37.0,10.29
112,Bjerkvik,75,NO,1584285133,51,68.56,17.52,35.6,6.93
113,Yining,99,CN,1584285134,65,29.04,114.56,56.61,2.44
114,Atar,0,MR,1584285136,9,20.52,-13.05,88.81,9.55
115,Mount Gambier,0,AU,1584285137,93,-37.83,140.77,46.4,6.93
116,Ribeira Grande,20,PT,1584284846,68,38.52,-28.7,66.2,8.05
117,Dikson,100,RU,1584285139,98,73.51,80.55,-5.85,4.47
118,Port Alfred,80,ZA,1584285140,97,-33.59,26.89,64.0,1.99
119,Kendari,100,ID,1584285141,95,-3.94,122.5,74.79,2.39
120,Nyurba,100,RU,1584285143,94,63.28,118.33,30.69,5.91
121,Goundam,17,ML,1584284850,6,16.41,-3.67,103.05,9.82
122,Saint Anthony,1,US,1584285145,68,45.02,-93.22,30.99,5.82
123,Shizukuishi,100,JP,1584285146,96,39.68,140.98,29.79,5.91
124,Acapulco de Juárez,20,MX,1584285147,69,16.86,-99.89,82.4,6.93
125,Huangnihe,52,CN,1584285148,93,43.56,128.02,13.21,7.36
126,Titay,1,PH,1584285149,81,7.81,122.53,73.71,6.76
127,Almaznyy,20,RU,1584285150,29,48.04,40.05,39.2,15.66
128,Mayo,90,US,1584284872,75,38.89,-76.51,45.0,9.17
129,Karasjok,9,NO,1584285153,49,69.47,25.51,26.6,4.7
130,Presidente Olegário,32,BR,1584285154,72,-18.42,-46.42,77.31,7.4
131,Mwinilunga,100,ZM,1584285155,95,-11.74,24.43,70.81,2.06
132,Fortuna,75,US,1584285156,93,40.6,-124.16,39.99,5.37
133,Aklavik,75,CA,1584285158,66,68.22,-135.01,10.4,18.34
134,Nakhon Thai,40,TH,1584285159,74,17.1,100.84,87.01,4.7
135,Sindou,94,BF,1584285160,24,10.67,-5.17,100.71,5.3
136,Killybegs,20,IE,1584285161,65,54.63,-8.45,46.99,18.34
137,Narsaq,75,GL,1584285162,42,60.92,-46.05,28.4,4.7
138,Poum,100,NC,1584285163,79,-20.23,164.02,82.89,28.61
139,Qaqortoq,75,GL,1584285165,42,60.72,-46.03,28.4,4.7
140,Westport,20,US,1584284877,36,41.14,-73.36,46.99,10.29
141,Ostrovnoy,100,RU,1584285167,82,68.05,39.51,22.21,33.42
142,Yar-Sale,100,RU,1584285168,80,66.83,70.83,-1.53,4.16
143,Monrovia,75,LR,1584285169,88,6.3,-10.8,80.6,6.93
144,Biloela,0,AU,1584285170,76,-24.42,150.5,65.25,17.13
145,Kargasok,100,RU,1584285171,92,59.06,80.86,31.77,8.9
146,Richards Bay,37,ZA,1584285172,86,-28.78,32.04,80.01,15.64
147,Niquero,0,CU,1584285173,49,20.04,-77.58,82.51,10.74
148,Bushehr,75,IR,1584285175,41,28.97,50.84,75.2,18.34
149,Amapá,99,BR,1584285176,82,1.0,-52.0,78.21,1.41
150,Maniitsoq,0,GL,1584285177,58,65.42,-52.9,3.31,11.45
151,Bilibino,94,RU,1584285178,96,68.05,166.44,-1.71,3.27
152,Karaton,75,ID,1584285179,83,-6.34,106.1,78.8,4.7
153,Kungurtug,100,RU,1584285180,77,50.6,97.52,21.69,4.05
154,Talnakh,33,RU,1584285181,75,69.49,88.4,-13.0,11.18
155,Mahuva,4,IN,1584285183,40,21.09,71.76,81.45,13.94
156,Helden,75,DE,1584285184,50,51.12,7.95,61.0,18.34
157,Aguazul,99,CO,1584285185,44,5.17,-72.55,91.51,8.16
158,Mahébourg,75,MU,1584285186,83,-20.41,57.7,78.8,2.24
159,Hamamatsu,47,JP,1584285187,80,34.7,137.73,43.0,1.99
160,Upata,25,VE,1584285189,40,8.01,-62.4,90.81,4.76
161,Port Lincoln,47,AU,1584285190,78,-34.73,135.87,62.71,12.64
162,Umeå,90,SE,1584285022,91,63.83,20.26,35.6,20.8
163,Tasiilaq,100,GL,1584285193,46,65.61,-37.64,6.8,19.46
164,Marawi,0,PH,1584285194,80,8.0,124.29,75.99,5.99
165,Vadlapūdi,0,IN,1584285195,80,14.32,79.8,77.67,6.51
166,Constitución,0,CL,1584285196,38,-35.33,-72.42,68.49,7.92
167,Roebourne,25,AU,1584285197,55,-20.78,117.13,85.59,11.05
168,Havelock,90,US,1584285198,87,34.88,-76.9,53.6,12.75
169,Kjøllefjord,99,NO,1584285199,65,70.95,27.35,25.47,26.78
170,Port Hedland,0,AU,1584285200,79,-20.32,118.57,84.2,10.29
171,Hilo,90,US,1584285201,78,19.73,-155.09,71.6,5.82
172,Ipixuna,75,BR,1584285203,100,-1.76,-48.8,73.4,10.29
173,Bubaque,100,GW,1584285204,41,11.28,-15.83,82.89,9.95
174,Ghanzi,51,BW,1584285205,22,-21.57,21.78,90.45,6.51
175,Kahului,1,US,1584285206,88,20.89,-156.47,69.8,4.7
176,Uusikaupunki,75,FI,1584285207,69,60.8,21.41,39.2,19.46
177,Kavieng,100,PG,1584285208,67,-2.57,150.8,85.05,5.17
178,Emerald,0,AU,1584285209,64,-23.53,148.17,70.0,6.93
179,Yangi Marg`ilon,4,UZ,1584285210,29,40.43,71.72,60.8,2.24
180,Bara,41,NG,1584285211,5,10.37,10.73,95.49,8.37
181,Port Moresby,40,PG,1584285212,100,-9.44,147.18,75.2,5.82
182,Zhuhai,20,CN,1584285214,82,22.28,113.57,70.0,12.75
183,Krasnosel'kup,33,RU,1584285215,93,65.7,82.47,-8.19,8.95
184,Rocha,97,UY,1584285216,53,-34.48,-54.33,70.81,9.53
185,Kapaa,90,US,1584285217,83,22.08,-159.32,69.8,4.7
186,Chui,100,UY,1584285218,62,-33.7,-53.46,72.61,9.35
187,Acarí,94,PE,1584285219,71,-15.43,-74.62,72.61,7.16
188,Sidi Ali,100,DZ,1584285220,59,36.1,0.42,70.65,10.69
189,Norman Wells,90,CA,1584285221,85,65.28,-126.83,19.4,14.99
190,Mīnāb,75,IR,1584285223,69,27.15,57.08,75.2,16.11
191,Lusambo,38,CD,1584285224,60,-4.97,23.45,86.67,2.21
192,Staraya Poltavka,97,RU,1584285225,59,50.48,46.48,33.21,19.48
193,Longyearbyen,20,SJ,1584285226,58,78.22,15.64,-4.0,2.24
194,Ulladulla,75,AU,1584285227,82,-35.35,150.47,60.01,10.29
195,Mendoza,0,AR,1584285228,25,-32.89,-68.83,73.4,9.17
196,Cessnock,90,AU,1584285229,93,-32.83,151.35,64.0,6.93
197,Porto-Novo,20,BJ,1584285177,70,6.5,2.6,89.6,13.87
198,Otofuke,0,JP,1584285231,78,42.99,143.2,16.65,4.29
199,Santo Antônio do Içá,100,BR,1584285233,78,-3.1,-67.94,83.07,0.98
200,Tebingtinggi,40,ID,1584285234,94,3.33,99.16,82.4,2.24
201,Senj,0,HR,1584285235,22,44.99,14.91,57.2,10.29
202,Pisco,20,PE,1584285236,30,-13.7,-76.22,78.01,3.36
203,Yerbogachën,100,RU,1584285237,90,61.28,108.01,28.35,11.14
204,Bengkulu,99,ID,1584285238,90,-3.8,102.27,76.59,3.65
205,Sijunjung,31,ID,1584285239,94,-0.69,100.95,72.45,1.77
206,Tuktoyaktuk,90,CA,1584285240,77,69.45,-133.04,1.4,26.4
207,Kamenka,100,RU,1584285241,72,51.32,42.77,27.0,1.01
208,Petropavlovsk-Kamchatskiy,90,RU,1584285243,100,53.05,158.65,23.0,8.95
209,Murgab,75,TM,1584285244,24,37.5,61.97,78.8,6.93
210,Avera,75,US,1584285245,59,33.19,-82.53,66.99,8.05
211,Bitung,20,ID,1584285246,94,1.45,125.18,75.2,1.41
212,Shirokiy,100,RU,1584285247,92,49.76,129.52,7.47,5.06
213,Kiryat Gat,62,IL,1584285248,64,31.61,34.76,69.01,5.82
214,Saskylakh,100,RU,1584285249,90,71.92,114.08,19.17,7.18
215,Jizan,40,SA,1584285251,61,17.33,42.67,82.4,11.41
216,Cayenne,40,GF,1584285252,58,4.93,-52.33,87.8,9.17
217,Lucapa,74,AO,1584285253,85,-8.42,20.74,78.91,3.51
218,Chokurdakh,0,RU,1584285254,71,70.63,147.92,-22.23,3.74
219,Colac,0,AU,1584285255,98,-38.33,143.58,55.99,2.66
220,Benjamin Constant,75,BR,1584285020,88,-4.38,-70.03,80.6,3.36
221,Laguna,90,US,1584285257,87,38.42,-121.42,50.0,11.41
222,Provideniya,100,RU,1584285258,97,64.38,-173.3,24.75,3.38
223,Puerto Plata,40,DO,1584285145,74,19.79,-70.69,81.0,5.82
224,Ixtlahuacán del Río,5,MX,1584285261,46,20.87,-103.25,71.6,2.71
225,Baykit,100,RU,1584285262,88,61.67,96.37,29.79,9.55
226,Meulaboh,86,ID,1584285263,68,4.14,96.13,85.41,3.15
227,Pangkalanbuun,94,ID,1584285264,96,-2.68,111.62,76.05,3.27
228,Beringovskiy,0,RU,1584285265,92,63.05,179.32,20.97,11.32
229,Nemesnádudvar,0,HU,1584285266,36,46.34,19.05,46.17,10.83
230,San Quintín,12,MX,1584285267,77,30.48,-115.95,57.87,4.72
231,Madison,90,US,1584285075,93,34.73,-86.57,53.01,10.29
232,Tuatapere,89,NZ,1584285269,94,-46.13,167.68,53.01,3.0
233,Lixouri,40,GR,1584285271,72,38.2,20.43,66.2,20.8
234,Lesogorsk,38,RU,1584285272,90,56.05,99.51,27.99,7.56
235,Vardø,20,NO,1584285273,73,70.37,31.11,23.0,35.57
236,Buraidah,0,SA,1584285270,46,26.33,43.98,73.4,10.29
237,Kolondiéba,100,ML,1584285275,7,11.09,-6.89,107.01,2.57
238,Bambous Virieux,75,MU,1584285276,83,-20.34,57.76,78.8,2.24
239,Ancud,0,CL,1584285277,77,-41.87,-73.82,59.0,13.87
240,Sterling,90,US,1584285278,86,39.01,-77.43,44.6,6.93
241,Kiunga,83,PG,1584285280,99,-6.12,141.29,73.35,3.51
242,Cherskiy,100,RU,1584285281,96,68.75,161.3,2.61,4.43
243,Muros,75,ES,1584285282,93,42.78,-9.06,54.0,6.93
244,Korla,83,CN,1584285283,33,41.76,86.15,35.55,2.98
245,Zhangjiakou,0,CN,1584285284,51,40.81,114.88,35.37,3.47
246,Atasū,100,KZ,1584285285,75,48.68,71.64,37.51,9.91
247,Borzna,94,UA,1584285006,42,51.25,32.43,33.75,15.19
248,Watertown,20,US,1584285257,25,42.37,-71.18,44.01,4.7
249,Port Hardy,5,CA,1584285288,63,50.7,-127.42,32.0,18.34
250,Olhão,20,PT,1584284996,68,37.03,-7.84,64.4,8.05
251,Thinadhoo,3,MV,1584285291,56,0.53,72.93,84.51,1.77
252,Mankāpur,33,IN,1584285292,42,27.03,82.23,69.57,6.58
253,Bethel,90,US,1584285293,41,41.37,-73.41,46.4,10.29
254,Taltal,5,CL,1584285294,69,-25.4,-70.48,66.51,6.69
255,Evansville,90,US,1584285188,74,37.97,-87.56,39.2,10.29
256,Ixtapa,40,MX,1584285105,88,20.7,-105.2,73.99,4.7
257,Kumluca,97,TR,1584285297,90,36.37,30.29,58.05,5.32
258,Airai,100,TL,1584285298,84,-8.93,125.41,66.31,2.55
259,Magadan,100,RU,1584285300,96,59.57,150.8,0.63,7.49
260,Moerai,63,PF,1584285301,72,-22.43,-151.33,79.47,2.77
261,Plácido de Castro,100,BR,1584285302,71,-10.34,-67.19,82.89,2.77
262,Tuy Hoa,19,VN,1584285303,86,13.08,109.3,78.21,9.57
263,Torbay,20,CA,1584285062,54,47.67,-52.73,33.01,34.45
264,Dicabisagan,98,PH,1584285305,87,17.08,122.42,73.51,11.34
265,Sturgeon Falls,20,CA,1584285306,47,46.36,-79.93,12.2,8.05
266,Launceston,90,AU,1584285308,76,-41.45,147.17,55.4,4.7
267,Hearst,29,CA,1584285309,87,49.68,-83.67,6.01,2.28
268,Sierpc,0,PL,1584285310,35,52.86,19.67,42.21,13.51
269,Itarema,75,BR,1584285311,79,-2.92,-39.92,86.0,8.05
270,Beaupré,40,CA,1584285312,52,47.04,-70.9,19.4,8.05
271,Chaiya,20,TH,1584285313,78,9.39,99.2,82.4,6.93
272,Kharp,33,RU,1584285314,88,66.8,65.81,-4.23,8.39
273,Bonavista,32,CA,1584285315,71,48.65,-53.11,30.0,21.0
274,Concepción del Uruguay,100,AR,1584285317,92,-32.48,-58.24,69.01,4.0
275,Nyakahanga,60,TZ,1584285318,71,-1.6,31.14,76.41,1.03
276,Yaguajay,26,CU,1584285319,75,22.33,-79.24,75.69,16.2
277,Baringo,100,KE,1584285320,25,0.47,35.97,91.35,14.7
278,Riachão,67,BR,1584285321,68,-7.36,-46.62,84.31,9.48
279,Ossora,100,RU,1584285322,74,59.24,163.07,9.61,4.63
280,Codrington,0,AU,1584285323,77,-38.27,141.97,59.31,13.85
281,Sikonge,47,TZ,1584285324,67,-5.63,32.77,79.81,1.61
282,Vanimo,100,PG,1584285325,71,-2.67,141.3,82.51,12.15
283,Laas,75,IT,1584285326,53,46.62,10.7,51.8,2.24
284,Międzyrzec Podlaski,0,PL,1584285209,32,51.99,22.78,38.97,7.7
285,Jalu,0,LY,1584285329,12,29.03,21.55,81.99,5.7
286,Nicoya,20,CR,1584285330,48,10.15,-85.45,87.8,25.28
287,Husavik,40,IS,1584285331,55,66.04,-17.34,32.0,29.97
288,Kudat,75,MY,1584285332,78,6.88,116.85,80.6,6.93
289,George,90,ZA,1584285333,93,-33.96,22.46,64.4,5.82
290,Kilindoni,79,TZ,1584285334,77,-7.91,39.67,85.21,10.71
291,Saint George,90,US,1584285145,66,37.1,-113.58,52.0,9.17
292,Klaksvík,97,FO,1584285336,74,62.23,-6.59,33.8,21.92
293,Igarka,21,RU,1584285337,87,67.47,86.58,-10.71,13.87
294,Pevek,91,RU,1584285339,85,69.7,170.31,9.27,15.95
295,Ahipara,100,NZ,1584285340,76,-35.17,173.17,64.51,4.14
296,Hualmay,100,PE,1584285341,63,-11.1,-77.61,78.21,7.16
297,Boa Vista,75,BR,1584285342,52,2.82,-60.67,87.8,12.75
298,Bertoua,46,CM,1584285343,12,4.58,13.68,98.01,3.29
299,Chenzhou,80,CN,1584285344,76,25.8,113.03,61.65,2.08
300,Tomatlán,57,MX,1584285345,62,19.93,-105.25,78.01,1.28
301,Scottsbluff,90,US,1584285165,86,41.87,-103.67,34.0,14.99
302,Jiayuguan City,100,CN,1584285347,21,39.82,98.3,40.41,7.09
303,Mount Isa,0,AU,1584285349,34,-20.73,139.5,80.6,13.87
304,Lagoa,0,PT,1584285350,70,39.05,-27.98,57.69,4.47
305,Paraty,0,BR,1584285351,77,-23.22,-44.71,77.31,3.49
306,Verkhoyansk,0,RU,1584285352,82,67.54,133.38,-21.51,3.44
307,Dekar,51,BW,1584285353,22,-21.53,21.93,90.45,6.51
308,Dosso,57,NE,1584285354,7,13.05,3.19,101.07,11.25
309,Nkayi,19,CG,1584285355,76,-4.18,13.29,85.41,5.37
310,Altamira,90,BR,1584285318,94,-3.2,-52.21,77.0,2.24
311,Murray Bridge,0,AU,1584285358,94,-35.12,139.27,64.0,3.89
312,San Calixto,99,CO,1584285359,72,8.4,-73.21,74.25,2.26
313,Upernavik,0,GL,1584285360,70,72.79,-56.15,-18.81,4.47
314,Saint-Philippe,20,RE,1584285361,74,-21.36,55.77,80.6,14.99
315,Geraldton,52,AU,1584285362,78,-28.77,114.6,71.6,4.7
316,Olafsvik,100,IS,1584285363,93,64.89,-23.71,32.67,19.44
317,Pangnirtung,65,CA,1584285364,86,66.15,-65.71,-26.55,2.17
318,Half Moon Bay,90,US,1584285365,76,37.46,-122.43,51.01,11.41
319,Novopokrovka,75,UA,1584285366,79,49.84,36.55,26.6,15.66
320,Antofagasta,20,CL,1584285367,68,-23.65,-70.4,72.0,5.82
321,Bac Lieu,65,VN,1584285369,77,9.29,105.72,78.01,8.77
322,Alofi,100,NU,1584285370,94,-19.06,-169.92,77.0,3.36
323,Ust-Kuyga,0,RU,1584285371,81,70.02,135.6,-20.61,8.68
324,Bougouni,100,ML,1584285372,7,11.42,-7.48,103.95,4.72
325,Namatanai,100,PG,1584285373,78,-3.67,152.43,82.71,9.6
326,Betanzos,75,ES,1584285374,87,43.28,-8.21,51.01,4.7
327,Nuuk,20,GL,1584285186,71,64.18,-51.72,3.2,19.46
328,Lata,40,PT,1584285376,59,40.16,-8.33,63.0,12.75
329,Mar del Plata,75,AR,1584285377,63,-38.0,-57.56,66.2,9.17
330,Faanui,7,PF,1584285379,77,-16.48,-151.75,82.51,13.38
331,Inverell,0,AU,1584285380,71,-29.78,151.12,59.0,7.83
332,Srednekolymsk,97,RU,1584285381,97,67.45,153.68,-15.39,8.52
333,Stornoway,40,GB,1584285382,73,58.21,-6.39,43.0,23.04
334,Zaysan,0,KZ,1584285383,76,47.47,84.87,25.65,1.05
335,Camalú,29,MX,1584285384,79,30.85,-116.07,53.55,1.41
336,Chimoré,77,BO,1584285138,46,-16.98,-65.13,92.97,2.82
337,Toamasina,40,MG,1584285386,83,-18.17,49.38,80.6,13.87
338,Okato,0,NZ,1584285387,80,-39.2,173.88,51.01,1.01
339,Nkhotakota,75,MW,1584285389,68,-12.93,34.3,81.27,4.25
340,George Town,40,MY,1584285104,94,5.41,100.34,87.8,6.93
341,Linxia Chengguanzhen,100,CN,1584285391,95,35.6,103.21,28.89,9.44
342,Luanda,40,AO,1584285144,62,-8.84,13.23,87.8,13.87
343,Canora,90,CA,1584285393,85,51.63,-102.43,10.4,8.05
344,Acaraú,75,BR,1584285113,79,-2.89,-40.12,86.0,8.05
345,Hibbing,75,US,1584285395,79,47.43,-92.94,25.0,3.36
346,Knysna,90,ZA,1584285224,93,-34.04,23.05,64.4,5.82
347,Myitkyina,68,MM,1584285397,48,25.38,97.4,75.31,4.38
348,Japura,3,ID,1584285399,88,-0.32,102.35,76.59,2.28
349,Chapais,1,CA,1584285399,70,49.78,-74.85,-0.4,10.29
350,Samus',100,RU,1584285401,74,56.75,84.7,37.99,15.66
351,Fuxin,0,CN,1584285354,36,42.02,121.66,21.51,1.12
352,Finschhafen,100,PG,1584285403,78,-6.6,147.87,81.81,13.06
353,Bilisht,90,AL,1584285404,93,40.63,20.99,35.6,12.75
354,Faya,40,SA,1584285405,68,18.39,42.45,66.2,10.29
355,Radomsko,0,PL,1584285406,46,51.07,19.44,46.0,55.99
356,Papenburg,90,DE,1584285407,71,53.07,7.4,55.0,16.11
357,Kalmunai,14,LK,1584285409,77,7.42,81.82,82.89,10.89
358,Muncar,63,ID,1584285410,73,-8.43,114.33,83.61,3.29
359,Sawtell,26,AU,1584285411,88,-30.38,153.1,62.6,13.87
360,Agirish,59,RU,1584285413,86,61.92,63.02,20.97,7.7
361,Simpang,0,ID,1584285414,90,-1.27,104.08,75.31,3.27
362,Puerto Escondido,5,MX,1584285360,69,15.85,-97.07,82.4,2.93
363,Iqaluit,75,CA,1584285416,68,63.75,-68.51,-18.0,6.35
364,Loikaw,100,MM,1584285417,27,19.67,97.21,72.27,7.0
365,Santa Luzia,20,BR,1584285418,54,-19.77,-43.85,82.4,4.7
366,Baza,98,ES,1584285420,40,37.49,-2.77,64.99,5.99
367,Yinzhu,0,CN,1584285421,30,35.88,119.98,44.01,8.95
368,Ayagoz,48,KZ,1584285422,71,47.97,80.44,33.21,5.68
369,Nanzhang,88,CN,1584285423,31,31.78,111.84,61.47,2.82
370,Yaan,16,NG,1584285424,7,7.38,8.57,105.01,4.07
371,Oakley,90,US,1584285227,87,38.0,-121.71,50.0,9.17
372,Bahía Honda,1,CU,1584285426,66,22.9,-83.16,78.39,10.76
373,Chishtian,33,PK,1584285427,49,29.8,72.87,65.41,6.89
374,Manadhoo,10,MV,1584285428,74,5.77,73.38,83.79,10.02
375,Inhambane,20,MZ,1584285430,58,-23.86,35.38,86.0,6.93
376,Nassau,40,US,1584285431,42,40.75,-73.58,46.99,13.87
377,Eenhana,48,NA,1584285432,48,-17.47,16.33,84.51,9.31
378,Douentza,100,ML,1584285433,6,15.0,-2.95,100.35,9.31
379,Tarauacá,100,BR,1584285434,59,-8.16,-70.77,87.57,3.8
380,Donauwörth,0,DE,1584285435,54,48.7,10.8,57.99,6.93
381,Dwārka,99,IN,1584285436,58,22.24,68.97,76.77,19.57
382,Poronaysk,34,RU,1584285437,84,49.22,143.12,17.91,7.49
383,Zemio,15,CF,1584285438,21,5.03,25.14,97.65,5.1
384,Mehamn,95,NO,1584285418,66,71.04,27.85,24.21,25.48
385,Tilichiki,100,RU,1584285441,95,60.47,166.1,9.81,5.5
386,Amos,40,CA,1584285442,77,48.57,-78.12,3.99,8.05
387,Lubango,75,AO,1584285443,72,-14.92,13.49,77.0,8.81
388,Shingū,28,JP,1584285444,64,33.73,135.98,51.21,26.64
389,Bukachacha,100,RU,1584285445,97,52.98,116.92,17.01,2.64
390,Anchorage,1,US,1584285171,71,61.22,-149.9,10.0,10.29
391,Hauterive,12,FR,1584285447,39,46.09,3.45,68.0,25.28
392,Ormara,100,PK,1584285448,69,25.21,64.64,73.51,3.47
393,Sobolevo,0,RU,1584285407,41,54.43,31.9,30.69,12.66
394,Dudinka,11,RU,1584285451,75,69.41,86.18,-13.0,11.18
395,Nizip,75,TR,1584285452,67,37.01,37.79,62.6,8.05
396,Camacha,20,PT,1584285453,55,33.08,-16.33,66.2,18.34
397,Santa Rosa,20,PH,1584285237,65,14.31,121.11,82.4,5.82
398,Kolpny,100,RU,1584285455,55,52.23,37.04,29.07,15.32
399,Auki,100,SB,1584285456,77,-8.77,160.7,83.61,8.23
400,Pringsewu,100,ID,1584285457,96,-5.36,104.97,73.35,2.19
401,Hobyo,56,SO,1584285458,72,5.35,48.53,82.35,12.82
402,Ukiah,90,US,1584285460,93,39.15,-123.21,45.0,3.36
403,Qian’an,0,CN,1584285304,65,44.99,124.06,19.51,3.69
404,Xining,100,CN,1584285462,92,36.62,101.77,28.35,6.42
405,Samfya,27,ZM,1584285463,77,-11.36,29.56,78.01,2.04
406,Laurel,90,US,1584285464,81,39.1,-76.85,45.0,3.36
407,Santo Tomas,20,PH,1584285465,69,14.11,121.14,82.4,6.93
408,Volgodonsk,52,RU,1584285466,36,47.51,42.15,37.71,12.28
409,Flin Flon,75,CA,1584285467,83,54.77,-101.86,-5.8,3.36
410,Dauriya,97,RU,1584285407,85,49.93,116.87,9.81,5.79
411,Kruisfontein,100,ZA,1584285470,85,-34.0,24.73,62.91,9.48
412,Nouadhibou,0,MR,1584285471,53,20.93,-17.03,75.2,18.34
413,Praia,20,CV,1584285472,57,14.92,-23.51,78.8,23.04
414,Dubbo,0,AU,1584285396,77,-32.25,148.62,59.0,13.87
415,Mandalgovi,0,MN,1584285474,53,45.76,106.27,28.51,13.13
416,Kavaratti,0,IN,1584285475,67,10.57,72.64,83.25,5.39
417,Lálas,40,GR,1584285476,72,37.72,21.72,64.4,9.17
418,Lichtenfels,23,DE,1584285477,29,50.15,11.06,57.0,12.75
419,Kropotkin,100,RU,1584285479,38,45.44,40.58,42.39,6.42
420,Kysyl-Syr,100,RU,1584285480,94,63.9,122.76,3.15,12.35
421,Najrān,20,SA,1584285481,19,17.49,44.13,86.0,6.93
422,Russell,75,US,1584285482,60,32.35,-85.2,73.99,8.05
423,Abhā,40,SA,1584285483,68,18.22,42.51,66.2,10.29
424,Kutum,47,SD,1584285484,10,14.2,24.67,86.85,7.43
425,Ucluelet,5,CA,1584285485,37,48.93,-125.55,33.8,6.93
426,Taoudenni,0,ML,1584285486,3,22.68,-3.98,97.11,14.47
427,Emba,100,KZ,1584285487,90,48.83,58.14,31.21,6.58
428,Chu,31,KZ,1584285488,41,43.6,73.76,54.45,11.72
429,Sørland,100,NO,1584285490,56,67.67,12.69,32.0,4.7
430,Lobatse,40,BW,1584285491,29,-25.22,25.67,78.8,5.82
431,Fairview,20,US,1584285396,42,40.81,-74.0,48.0,8.05
432,Killarney,20,IE,1584285493,75,52.05,-9.52,46.4,14.99
433,Sungai Penuh,100,ID,1584285494,98,-2.08,101.38,63.99,2.77
434,Plettenberg Bay,100,ZA,1584285403,91,-34.05,23.37,62.01,2.19
435,Ṭikāpur,0,NP,1584285496,44,28.5,81.13,66.51,5.32
436,Merke,33,KZ,1584285498,33,42.87,73.18,52.11,1.99
437,Moree,75,AU,1584285499,52,-29.47,149.85,68.0,17.22
438,Greensburg,75,US,1584285500,100,40.3,-79.54,41.0,9.17
439,Vila Franca do Campo,40,PT,1584285501,67,37.72,-25.43,62.6,10.29
440,Mumford,95,GH,1584285502,46,5.26,-0.76,93.69,9.28
441,Coahuayana Viejo,75,MX,1584285503,83,18.73,-103.68,75.2,2.06
442,Rapid Valley,90,US,1584285504,86,44.06,-103.15,34.0,17.22
443,Muyezerskiy,100,RU,1584285505,73,63.93,31.65,29.25,15.7
444,Chākuliā,74,IN,1584285506,67,22.48,86.72,76.21,3.87
445,Saint-Leu,20,RE,1584285507,74,-21.15,55.28,80.6,14.99
446,Sokoni,75,TZ,1584285509,74,-6.43,39.55,86.0,12.21
447,Upala,20,CR,1584285510,48,10.9,-85.01,87.8,25.28
448,Shimoda,98,JP,1584285511,71,34.67,138.95,45.0,1.99
449,Guaíra,0,BR,1584285512,67,-20.32,-48.31,83.07,6.58
450,Devonport,0,AU,1584285513,92,-41.17,146.35,55.0,3.0
451,Aquiraz,75,BR,1584285514,88,-3.9,-38.39,84.0,9.17
452,Kichera,100,RU,1584285515,98,55.94,110.1,18.09,0.96
453,Katherine,0,AU,1584285417,73,-14.47,132.27,77.0,5.91
454,kimparana,100,ML,1584285517,13,12.83,-4.92,103.41,3.78
455,Itaituba,75,BR,1584285519,74,-4.28,-55.98,82.4,5.82
456,Trat,84,TH,1584285520,80,12.5,102.5,78.01,1.43
457,Atambua,100,ID,1584285521,85,-9.11,124.89,74.07,3.96
458,Qeshm,75,IR,1584285439,69,26.96,56.27,77.0,16.11
459,Winnemucca,90,US,1584285523,86,40.97,-117.74,33.8,8.05
460,Kitakata,100,JP,1584285524,83,37.65,139.87,37.99,1.36
461,Peniche,20,PT,1584285525,51,39.36,-9.38,66.0,16.11
462,Guadalupe y Calvo,100,MX,1584285526,43,26.1,-106.97,58.59,3.87
463,Kulhudhuffushi,0,MV,1584285528,74,6.62,73.07,83.79,6.46
464,Gubkinskiy,63,RU,1584285529,87,64.43,76.5,-3.87,6.82
465,Milford,20,US,1584285530,36,41.22,-73.06,46.4,10.29
466,Kurumkan,69,RU,1584285531,86,54.3,110.3,21.15,4.36
467,Gigmoto,0,PH,1584285532,72,13.78,124.39,80.55,8.7
468,Balkhash,63,KZ,1584285533,66,46.84,74.98,39.87,10.92
469,Kaka,98,TM,1584285534,36,37.35,59.61,68.31,9.75
470,Bhādāsar,37,IN,1584285535,36,28.28,74.32,70.47,3.0
471,Chardara,100,KZ,1584285536,33,41.25,67.97,64.17,3.56
472,Nizwá,33,OM,1584285537,18,22.93,57.53,70.11,5.84
473,Itoman,2,JP,1584285539,51,26.12,127.67,62.6,11.41
474,Malpe,20,IN,1584285540,74,13.35,74.72,82.4,6.93
475,Portland,40,US,1584285411,55,45.52,-122.68,35.6,18.34
476,Champerico,33,GT,1584285542,70,14.3,-91.92,84.2,6.2
477,Ogbomosho,13,NG,1584285543,16,8.13,4.25,100.89,3.91
478,Fort Nelson,75,CA,1584285544,56,58.81,-122.7,12.2,3.36
479,Chumphon,66,TH,1584285545,91,10.33,98.83,74.41,3.62
480,Bezhta,96,RU,1584285546,86,42.13,46.13,40.59,0.38
481,Beloha,35,MG,1584285548,71,-25.17,45.05,78.39,16.55
482,Scarborough,99,GB,1584285549,66,54.28,-0.4,51.01,16.11
483,Deputatsky,0,RU,1584285550,93,69.3,139.9,-32.31,1.34
484,Ejido,100,VE,1584285551,77,8.55,-71.24,59.11,4.61
485,Altay,0,CN,1584285552,45,47.87,88.12,22.77,5.82
486,Novikovo,100,RU,1584285553,54,51.15,37.89,29.41,14.85
487,Matara,0,LK,1584285554,86,5.95,80.54,78.57,4.0
488,Zhigansk,100,RU,1584285556,95,66.77,123.37,-0.99,26.46
489,Esmeraldas,20,BR,1584285557,51,-19.76,-44.31,82.4,2.24
490,Garoowe,0,SO,1584285558,26,8.41,48.48,89.91,10.16
491,Armidale,21,AU,1584285559,71,-30.52,151.65,50.0,3.0
492,Mogadishu,40,SO,1584285460,66,2.04,45.34,86.0,13.87
493,Valparaíso,0,CL,1584285561,68,-33.04,-71.63,66.2,5.82
494,Kamsack,90,CA,1584285562,85,51.57,-101.9,10.4,8.05
495,Matamoros,40,MX,1584285563,53,25.53,-103.25,73.4,4.7
496,Chulym,100,RU,1584285564,96,55.1,80.96,33.75,14.58
497,Douglas,90,US,1584285403,86,41.3,-96.17,33.01,5.82
498,Quang Ngai,100,VN,1584285567,89,15.12,108.8,75.87,1.25
499,Nacala,48,MZ,1584285568,85,-14.54,40.67,78.91,5.82
500,Vestmannaeyjar,75,IS,1584285569,64,63.44,-20.27,35.6,17.22
501,Broken Hill,0,AU,1584285570,39,-31.95,141.43,62.6,8.05
502,Guerrero Negro,0,MX,1584285571,75,27.98,-114.06,59.49,12.75
503,Sinnamary,66,GF,1584285572,72,5.38,-52.95,80.37,10.8
504,Ngama,61,TD,1584285573,5,11.78,17.17,99.09,7.94
505,Abu Kamal,57,SY,1584285574,54,34.45,40.92,66.31,6.87
506,Ushumun,91,RU,1584285576,91,52.78,126.53,7.81,2.24
507,Kumul,26,CN,1584285577,27,42.8,93.45,41.11,3.13
508,Rulenge,100,TZ,1584285578,89,-2.72,30.63,72.27,2.91
509,Tshela,6,CD,1584285579,82,-4.98,12.93,81.61,8.43
510,Esmeralda,75,CU,1584285580,54,21.85,-78.12,80.6,17.22
511,Dunn,1,US,1584285581,79,44.95,-91.88,32.0,8.05
512,College,90,US,1584285305,92,64.86,-147.8,24.8,0.74
513,Piacenza,40,IT,1584285583,50,45.05,9.7,59.0,4.7
514,Walvis Bay,10,NA,1584285584,57,-22.96,14.51,75.2,9.17
515,Alexandria,40,EG,1584285585,47,31.22,29.96,77.0,5.82
516,Severnyy,90,RU,1584285587,73,50.68,36.55,26.6,15.66
517,Ratnagiri,0,IN,1584285588,58,16.98,73.3,74.07,2.93
518,Solnechnyy,66,RU,1584285589,88,50.72,136.63,6.21,4.41
519,Mitú,48,CO,1584285590,52,1.2,-70.17,92.41,1.68
520,Paignton,100,GB,1584285591,9,50.44,-3.57,50.0,3.87
521,San Cristobal,40,VE,1584285592,69,7.77,-72.22,80.6,11.41
522,Santa Ana,75,US,1584285593,87,33.75,-117.87,57.2,3.56
523,Āmlāgora,100,IN,1584285594,67,22.83,87.33,74.97,4.94
524,Adrar,0,MR,1584285595,6,20.5,-10.07,89.55,8.41
525,Sur,99,OM,1584285428,60,22.57,59.53,71.91,11.92
526,Pentecoste,100,BR,1584285394,72,-3.79,-39.27,84.0,8.99
527,Akdepe,84,TM,1584285599,28,42.06,59.38,71.6,11.41
528,Skibotn,40,NO,1584285600,79,69.39,20.27,28.4,3.36
529,Tigre,100,AR,1584285601,72,-34.43,-58.58,71.01,5.82
530,Hofn,20,IS,1584285602,68,64.25,-15.21,28.4,4.7
531,Solano,90,US,1584285603,87,38.23,-121.95,50.0,10.29
532,Tatarsk,100,RU,1584285604,92,55.22,75.98,34.47,18.32
533,Falun,100,SE,1584285605,86,60.6,15.63,42.01,19.46
534,Bulgan,100,MN,1584285607,70,48.81,103.53,26.37,8.23
535,Sangar,91,RU,1584285608,83,63.92,127.47,-5.13,12.57
536,Dillon,90,US,1584285490,87,34.42,-79.37,64.0,10.29
537,Alcúdia,0,ES,1584285354,68,39.85,3.12,66.2,11.41
538,Kattivākkam,40,IN,1584285611,78,13.22,80.32,84.0,9.17
539,Roxana,48,CR,1584285612,56,10.28,-83.75,78.8,18.34
540,Saint-Joseph,20,RE,1584285386,74,-21.37,55.62,80.6,14.99
541,Maceió,90,BR,1584285614,88,-9.67,-35.74,78.8,8.05
542,Vostok,70,RU,1584285615,96,46.49,135.88,3.51,3.22
543,Shakawe,95,BW,1584285617,44,-18.37,21.85,86.11,3.27
544,Wanning,100,CN,1584285618,89,18.8,110.4,73.17,8.63
545,Lodja,100,CD,1584285619,68,-3.48,23.43,84.15,4.18
546,Caucayá,100,CO,1584285620,93,-0.19,-74.78,75.15,3.51
547,Ocosingo,20,MX,1584285621,78,17.07,-92.25,77.0,4.7
548,Lander,1,US,1584285622,82,42.83,-108.73,35.01,4.21
549,Juneau,20,US,1584285623,92,58.3,-134.42,28.99,4.03
550,Ambunti,100,PG,1584285624,99,-4.24,142.84,73.35,1.3
551,Hirara,0,JP,1584285625,54,24.8,125.28,63.45,14.03
552,Novopskov,100,UA,1584285626,38,49.55,39.09,31.41,15.61
553,Sindor,0,RU,1584285627,88,62.86,51.89,10.35,3.31
554,Santiago,0,CL,1584285609,38,-33.46,-70.65,77.0,6.17
555,Skudai,20,MY,1584285630,88,1.53,103.67,84.2,5.82
556,The Valley,20,AI,1584285433,57,18.22,-63.06,82.4,10.29
